{"subject": "Biology\u2161", "top_30_percent_threshold": 13.72998046875, "top_60_percent_threshold": 16.8991455078125}