{"subject": "Korean History", "top_30_percent_threshold": 18.987074829931974, "top_60_percent_threshold": 21.92423469387755}