{
    "경제": [17.0, 19.0],
    "독서,문학": [
        -0.4861868023872375,
        -0.24361352622509
    ],
    "독해": [
        -0.7431027293205261,
        0.0512243323028087
    ],
    "동아시아사": [17.575, 20.0],
    "물리학Ⅰ": [13.95, 17.0],
    "물리학Ⅱ": [12.45, 16.0],
    "사회?문화": [
        -0.2183300852775573,
        0.4987490177154541
    ],
    "생명과학Ⅰ": [
        -0.4804873466491699,
        0.239575907588005
    ],
    "생명과학Ⅱ": [16.0, 19.71],
    "생활과 윤리": [
        -0.6932162642478943,
        0.1335043609142303
    ],
    "세계사": [12.0, 14.98],
    "세계지리": [17.87, 20.60],
    "수학Ⅰ,수학Ⅱ": [
        -0.2737455368041992,
        -0.1337018311023712
    ],
    "윤리와 사상": [18.0, 21.0],
    "정치와 법": [14.98, 17.87],
    "지구과학Ⅰ": [
        -0.7681100964546204,
        0.1909756511449813
    ],
    "지구과학Ⅱ": [16.0, 21.0],
    "통합과학": [16.0, 18.0],
    "통합사회": [17.87, 22.0],
    "한국사": [16.0, 18.98],
    "한국지리": [14.0, 17.0],
    "화학Ⅰ": [15.0, 18.0],
    "화학Ⅱ": [14.98, 17.0]
}
