{
    "경제": [17.0, 19.0],
    "독서,문학": [
        -0.4817376136779785,
        -0.227723091840744
    ],
    "독해": [-0.7429432272911072,
    0.0691347196698188],
    "동아시아사": [17.575, 20.0],
    "물리학Ⅰ": [13.95, 17.0],
    "물리학Ⅱ": [12.45, 16.0],
    "사회?문화": [ -0.3250501453876495,
    0.4987490177154541],
    "생명과학Ⅰ": [ -0.4804873466491699,
    0.2394924312829971],
    "생명과학Ⅱ": [16.0, 19.71],
    "생활과 윤리": [-0.6932056546211243,
    0.6328281760215759],
    "세계사": [12.0, 14.98],
    "세계지리": [17.87, 20.60],
    "수학Ⅰ,수학Ⅱ": [-0.3114294111728668,
    -0.1899657398462295],
    "윤리와 사상": [18.0, 21.0],
    "정치와 법": [14.98, 17.87],
    "지구과학Ⅰ": [ -0.7685258388519287,
    -0.1763492971658706],
    "지구과학Ⅱ": [16.0, 21.0],
    "통합과학": [16.0, 18.0],
    "통합사회": [17.87, 22.0],
    "한국사": [16.0, 18.98],
    "한국지리": [14.0, 17.0],
    "화학Ⅰ": [15.0, 18.0],
    "화학Ⅱ": [14.98, 17.0]
}
