{
    "1": 0.8,
    "2": 0.8,
    "3": 0.4444444444444444,
    "4": 0.7,
    "5": 0.7,
    "6": 0.5555555555555556,
    "7": 0.6666666666666666,
    "8": 0.7,
    "9": 0.45454545454545453,
    "10": 0.875
}