{
    "1": 0.715,
    "2": 0.7468857142857143,
    "3": 0.5509090909090909,
    "4": 0.6820652173913043,
    "5": 0.7279069767441861,
    "6": 0.5911111111111111,
    "7": 0.7009090909090909,
    "8": 0.684888888888889,
    "9": 0.7168965517241379,
    "10": 0.7701639344262295
}