{
    "1": 0.7003105590062112,
    "2": 0.5714285714285714,
    "3": 0.6245954692556634,
    "4": 0.8675914249684742,
    "5": 0.8954326923076923,
    "6": 0.4845605700712589,
    "7": 0.5909631391200951,
    "8": 0.5354919053549191,
    "9": 0.63,
    "10": 0.5491419656786272
}