{
    "1": 0.7396216216216216,
    "2": 0.6753899480069324,
    "3": 0.7748936170212766,
    "4": 0.7234857142857143,
    "5": 0.5440686274509804,
    "6": 0.6188725490196079,
    "7": 0.38758364312267657,
    "8": 0.7728421052631579,
    "9": 0.8390311418685121,
    "10": 0.7502127659574468
}