{
    "1": 0.6882845188284519,
    "2": 0.5758196721311475,
    "3": 0.7803468208092486,
    "4": 0.725557461406518,
    "5": 0.7199074074074074,
    "6": 0.8860971524288107,
    "7": 0.5,
    "8": 0.4839797639123103,
    "9": 0.6075085324232082,
    "10": 0.5267702936096719
}