{
    "1": 0.7124144037780401,
    "2": 0.5252304964539007,
    "3": 0.5731576086956521,
    "4": 0.9253282754595857,
    "5": 0.9235069637883008,
    "6": 0.450464,
    "7": 0.5848872604284103,
    "8": 0.4908956796628029,
    "9": 0.6244136926438456,
    "10": 0.554945770065076
}