{
    "1": 0.7124144037780401,
    "2": 0.5252304964539007,
    "3": 0.9532844574780058,
    "4": 0.8559237536656892,
    "5": 0.8984471468662301,
    "6": 0.9235069637883008,
    "7": 0.5023468426013195,
    "8": 0.450464,
    "9": 0.5848872604284103,
    "10": 0.4908956796628029
}