{
    "1": 0.635,
    "2": 0.755,
    "3": 0.7759999999999999,
    "4": 0.5663636363636363,
    "5": 0.7133333333333333,
    "6": 0.5720000000000001,
    "7": 0.625,
    "8": 0.6509999999999999,
    "9": 0.565,
    "10": 0.5277777777777778
}