{
    "1": 0.85,
    "2": 0.6833333333333333,
    "3": 0.7166666666666667,
    "4": 0.7166666666666667,
    "5": 0.6,
    "6": 0.6779661016949152,
    "7": 0.65,
    "8": 0.5
}