{
    "1": 0.8339973614775725,
    "2": 0.6496185286103543,
    "3": 0.7046742209631728,
    "4": 0.6715665796344648,
    "5": 0.7717209302325582,
    "6": 0.6969402985074628,
    "7": 0.7938533834586466,
    "8": 0.7256940509915014,
    "9": 0.7247867298578199,
    "10": 0.6543434343434343
}