{
    "1": 0.660377358490566,
    "2": 0.4528301886792453,
    "3": 0.5283018867924528,
    "4": 0.6111111111111112,
    "5": 0.7037037037037037,
    "6": 0.5471698113207547,
    "7": 0.660377358490566,
    "8": 0.7222222222222222,
    "9": 0.3888888888888889,
    "10": 0.42592592592592593
}