{
    "1": 0.9482758620689655,
    "2": 0.8888888888888888,
    "3": 0.8275862068965517,
    "4": 0.8070175438596491,
    "5": 0.8518518518518519,
    "6": 0.8,
    "7": 0.9824561403508771,
    "8": 0.7735849056603774,
    "9": 0.7450980392156863,
    "10": 0.7115384615384616
}