{
    "1": 0.8148148148148148,
    "2": 0.782608695652174,
    "3": 0.8292682926829268,
    "4": 0.7441860465116279,
    "5": 0.6590909090909091,
    "6": 0.7291666666666666,
    "7": 0.5,
    "8": 0.7608695652173914,
    "9": 0.8666666666666667,
    "10": 0.7346938775510204
}