{
    "1": 0.4,
    "2": 0.5,
    "3": 0.4,
    "4": 0.16666666666666666,
    "5": 0.8333333333333334,
    "6": 0.0,
    "7": 0.25,
    "8": 0.625,
    "9": 0.5,
    "10": 0.5
}