{
    "1": 0.4,
    "2": 0.42857142857142855,
    "3": 0.5,
    "4": 0.6666666666666666,
    "5": 0.7142857142857143,
    "6": 0.8,
    "7": 1.0,
    "8": 0.5714285714285714,
    "9": 0.6666666666666666,
    "10": 0.25
}