{
    "1": 0.6371681415929203,
    "2": 0.6451612903225806,
    "3": 0.8828125,
    "4": 0.8392857142857143,
    "5": 0.7652173913043478,
    "6": 0.752,
    "7": 0.5431034482758621,
    "8": 0.7964601769911505,
    "9": 0.9310344827586207,
    "10": 0.6464646464646465
}