{
    "1": 0.6697022767075306,
    "2": 0.6529725609756097,
    "3": 0.7878169572107765,
    "4": 0.840220472440945,
    "5": 0.809648829431438,
    "6": 0.8205106888361046,
    "7": 0.6094529914529915,
    "8": 0.8538888888888888,
    "9": 0.8219028340080972,
    "10": 0.6977165354330708
}