{
    "1": 0.92,
    "2": 0.9829059829059829,
    "3": 0.776595744680851,
    "4": 0.3516483516483517,
    "5": 0.568,
    "6": 0.6974789915966386,
    "7": 0.7830188679245284,
    "8": 0.5983606557377049,
    "9": 0.3277310924369748,
    "10": 0.25862068965517243
}