{
    "1": 0.6829268292682927,
    "2": 0.9111111111111111,
    "3": 0.8863636363636364,
    "4": 0.625,
    "5": 0.7333333333333333,
    "6": 0.8,
    "7": 0.775,
    "8": 0.8055555555555556,
    "9": 0.7142857142857143,
    "10": 0.5
}