{
    "1": 0.8026796060254925,
    "2": 0.760204081632653,
    "3": 0.7668619246861925,
    "4": 0.3446545454545455,
    "5": 0.580264765784114,
    "6": 0.6676301615798923,
    "7": 0.7031672597864769,
    "8": 0.5982442748091603,
    "9": 0.37680147058823527,
    "10": 0.43660968660968663
}