{
    "1": 0.7623035230352303,
    "2": 0.7379298245614035,
    "3": 0.6870265486725664,
    "4": 0.6651465798045603,
    "5": 0.6224307692307692,
    "6": 0.5651497005988024,
    "7": 0.5904878048780487,
    "8": 0.7253361344537815,
    "9": 0.543794964028777,
    "10": 0.4537269372693727
}