{
    "1": 0.5974291497975708,
    "2": 0.8753477690288715,
    "3": 0.8693000000000001,
    "4": 0.5976354679802955,
    "5": 0.675017667844523,
    "6": 0.7561780104712043,
    "7": 0.7661878453038673,
    "8": 0.7433522727272727,
    "9": 0.7010714285714286,
    "10": 0.4746202531645569
}