{
    "1": 0.7925324675324675,
    "2": 0.6715211970074813,
    "3": 0.6432427536231884,
    "4": 0.6558944281524927,
    "5": 0.641813031161473,
    "6": 0.7072263374485597,
    "7": 0.600532319391635,
    "8": 0.7037132352941177,
    "9": 0.6877777777777777,
    "10": 0.7863513513513513
}