{
    "1": 0.45088723526044644,
    "2": 0.8559720605355063,
    "3": 0.824167066730677,
    "4": 0.9102089642640824,
    "5": 0.7733059497137167,
    "6": 0.8527352388900479,
    "7": 0.9119164955509924,
    "8": 0.8151801566579634,
    "9": 0.5093746873436719,
    "10": 0.5697311046511628
}