{
    "1": 0.9090909090909091,
    "2": 0.8333333333333334,
    "3": 0.8461538461538461,
    "4": 0.8888888888888888,
    "5": 0.9545454545454546,
    "6": 0.7894736842105263,
    "7": 0.8636363636363636,
    "8": 0.8181818181818182,
    "9": 0.75,
    "10": 0.7727272727272727
}