{
    "1": 0.75,
    "2": 0.5,
    "3": 0.75,
    "4": 0.3333333333333333,
    "5": 0.25,
    "6": 0.25,
    "7": 0.3333333333333333,
    "8": 0.75,
    "9": 0.0,
    "10": 0.25
}