{
    "1": 0.8372093023255814,
    "2": 0.7555555555555555,
    "3": 0.6521739130434783,
    "4": 0.6444444444444445,
    "5": 0.8372093023255814,
    "6": 0.9130434782608695,
    "7": 0.6097560975609756,
    "8": 0.6818181818181818,
    "9": 0.627906976744186,
    "10": 0.825
}