{
    "1": 0.5026737967914439,
    "2": 0.829736211031175,
    "3": 0.8054862842892768,
    "4": 0.8984198645598194,
    "5": 0.777027027027027,
    "6": 0.7988980716253443,
    "7": 0.8962025316455696,
    "8": 0.8373333333333334,
    "9": 0.5036855036855037,
    "10": 0.5907859078590786
}