{
    "1": 0.7341956521739131,
    "2": 0.7364705882352941,
    "3": 0.7173076923076923,
    "4": 0.6288235294117647,
    "5": 0.8226342072409488,
    "6": 0.6567605633802818,
    "7": 0.7679423868312757,
    "8": 0.8082706766917294,
    "9": 0.6372072072072072,
    "10": 0.7019883040935673
}