{
    "1": 0.8622448979591837,
    "2": 0.824468085106383,
    "3": 0.879746835443038,
    "4": 0.8629032258064516,
    "5": 0.45263157894736844,
    "6": 0.8544303797468354,
    "7": 0.808641975308642,
    "8": 0.5948717948717949,
    "9": 0.5773195876288659,
    "10": 0.6737967914438503
}