{
    "1": 0.5631663326653307,
    "2": 0.6572228989037758,
    "3": 0.709644128113879,
    "4": 0.6434347826086956,
    "5": 0.7079292929292929,
    "6": 0.6972103004291845,
    "7": 0.6622368421052631,
    "8": 0.714908256880734,
    "9": 0.6615040650406505,
    "10": 0.7109016393442623
}