{
    "1": 0.8070152603231598,
    "2": 0.7309354997538159,
    "3": 0.8724745417515275,
    "4": 0.8335694050991502,
    "5": 0.42109756097560974,
    "6": 0.8528153564899452,
    "7": 0.8063386727688787,
    "8": 0.5429266750948166,
    "9": 0.5228103044496487,
    "10": 0.6186944937833038
}