{
    "1": 0.8155339805825242,
    "2": 0.7613636363636364,
    "3": 0.8037383177570093,
    "4": 0.7090909090909091,
    "5": 0.7207207207207207,
    "6": 0.5631067961165048,
    "7": 0.6057692307692307,
    "8": 0.7608695652173914,
    "9": 0.6170212765957447,
    "10": 0.4351851851851852
}