{
    "1": 0.6590909090909091,
    "2": 0.75,
    "3": 0.875,
    "4": 0.825,
    "5": 0.7567567567567568,
    "6": 0.7948717948717948,
    "7": 0.6285714285714286,
    "8": 0.8333333333333334,
    "9": 0.8461538461538461,
    "10": 0.6388888888888888
}