{
    "1": 0.6492307692307692,
    "2": 0.4853846153846154,
    "3": 0.635,
    "4": 0.7366666666666667,
    "5": 0.46555555555555556,
    "6": 0.7644444444444445,
    "7": 0.47,
    "8": 0.655,
    "9": 0.54,
    "10": 0.545
}