{
    "1": 0.619090909090909,
    "2": 0.629,
    "3": 0.3925,
    "4": 0.6767415730337079,
    "5": 0.5957333333333333,
    "6": 0.61375,
    "7": 0.7764772727272726,
    "8": 0.8480769230769231,
    "9": 0.6508333333333333,
    "10": 0.355
}