{
    "1": 0.7588152327221439,
    "2": 0.7029520295202952,
    "3": 0.8628389154704944,
    "4": 0.7294117647058823,
    "5": 0.7035175879396985,
    "6": 0.6834862385321101,
    "7": 0.756152125279642,
    "8": 0.6966101694915254,
    "9": 0.7648725212464589,
    "10": 0.5384615384615384
}