{
    "1": 0.625,
    "2": 0.625,
    "3": 0.42857142857142855,
    "4": 0.7142857142857143,
    "5": 0.5714285714285714,
    "6": 0.42857142857142855,
    "7": 0.8571428571428571,
    "8": 0.8333333333333334,
    "9": 0.0,
    "10": 0.6
}