{
    "1": 0.7854545454545454,
    "2": 0.7326388888888888,
    "3": 0.9566666666666667,
    "4": 0.7950530035335689,
    "5": 0.7755102040816326,
    "6": 0.7378277153558053,
    "7": 0.7433962264150943,
    "8": 0.8511627906976744,
    "9": 0.7985611510791367,
    "10": 0.5044642857142857
}