{
    "1": 0.7893721828718608,
    "2": 0.6473370577281191,
    "3": 0.9131357254290171,
    "4": 0.849595588235294,
    "5": 0.7328860145513338,
    "6": 0.8140302267002519,
    "7": 0.87875,
    "8": 0.7476973684210526,
    "9": 0.9175,
    "10": 0.9195916631220757
}