{
    "1": 0.6976031434184676,
    "2": 0.6437190082644628,
    "3": 0.7857256265018882,
    "4": 0.6192272727272727,
    "5": 0.6624064998710343,
    "6": 0.6907429547395388,
    "7": 0.6273573825503356,
    "8": 0.8081686429512517,
    "9": 0.764968152866242,
    "10": 0.5498768809849521
}