{
    "1": 0.7619047619047619,
    "2": 0.7021276595744681,
    "3": 0.75,
    "4": 0.3877551020408163,
    "5": 0.7777777777777778,
    "6": 0.8490566037735849,
    "7": 0.9056603773584906,
    "8": 0.5434782608695652,
    "9": 0.7872340425531915,
    "10": 0.8431372549019608
}