{
    "1": 0.5233644859813084,
    "2": 0.5934579439252337,
    "3": 0.8523809523809524,
    "4": 0.6804733727810651,
    "5": 0.5812807881773399,
    "6": 0.6176470588235294,
    "7": 0.7836538461538461,
    "8": 0.4251497005988024,
    "9": 0.5317073170731708,
    "10": 0.5364583333333334
}