{
    "1": 0.7635897435897436,
    "2": 0.7364035087719298,
    "3": 0.5627586206896552,
    "4": 0.6426717557251908,
    "5": 0.7281009879253567,
    "6": 0.7418978102189782,
    "7": 0.785530303030303,
    "8": 0.6375,
    "9": 0.6422054380664654,
    "10": 0.6110355987055016
}