{
    "1": 0.875,
    "2": 0.4642857142857143,
    "3": 0.78125,
    "4": 0.7931034482758621,
    "5": 0.7142857142857143,
    "6": 0.7575757575757576,
    "7": 0.8260869565217391,
    "8": 0.7037037037037037,
    "9": 0.8181818181818182,
    "10": 0.8125
}