{
    "1": 0.7811538461538461,
    "2": 0.8113043478260871,
    "3": 0.5237777777777778,
    "4": 0.6690909090909091,
    "5": 0.7515151515151516,
    "6": 0.485,
    "7": 0.8333333333333333,
    "8": 0.7966666666666667,
    "9": 0.42588235294117643,
    "10": 0.3655555555555556
}