{
    "1": 0.8181818181818182,
    "2": 0.9230769230769231,
    "3": 0.8214285714285714,
    "4": 0.6666666666666666,
    "5": 0.9428571428571428,
    "6": 0.9142857142857143,
    "7": 0.9230769230769231,
    "8": 0.8333333333333334,
    "9": 0.8235294117647058,
    "10": 0.7222222222222222
}