{
    "1": 0.7541602572185098,
    "2": 0.6376592455163884,
    "3": 0.735053991107347,
    "4": 0.7939830508474576,
    "5": 0.6937227214377407,
    "6": 0.7469034931912374,
    "7": 0.8102976995940461,
    "8": 0.7372916666666667,
    "9": 0.6657737104825291,
    "10": 0.6559273670557717
}