{
    "1": 0.6217715617715618,
    "2": 0.6152293577981651,
    "3": 0.7053535353535354,
    "4": 0.3855156950672646,
    "5": 0.6352604166666667,
    "6": 0.7604347826086957,
    "7": 0.8851605807303123,
    "8": 0.3801418439716312,
    "9": 0.7073333333333334,
    "10": 0.7930066815144766
}